Company Name,Mcap,EPS *,P/E
20 Microns,215.78,5.6,10.77
3i Infotech,1600.49,2.01,4.93
3M India,27534.2,132.36,183.96
5paisa Capita,1097.41,6.77,61.57
A F Ent,17.08,0.82,21.89
A Infra.,112.8,0.9,30
A.K.Capital Ser,288.35,32.59,13.2
Aarey Drugs,78.1,2.56,12.97
Aarnav Fashions,109.39,2.06,35.12
Aarti Drugs,6598.09,27.65,25.59
Aarti Ind,30196.58,14.74,59.13
Aarti Surfactan,1089.09,28.53,50.29
AAVAS Financier,20893.05,36.87,72.96
AB Capital,28224.43,0.3,390.5
AB Money,314.16,2.8,19.84
ABans Enterpris,178.56,1.01,125.99
ABB India,38392.5,13.96,129.37
Abbott India,35713.17,325.04,51.67
ABC India,44.04,1.68,47.92
Abhinav Leasing,5.15,0.04,25.75
Abirami Finance,2.64,0.07,62.86
ABM Knowledg,240.93,9.8,12.3
ACC,37858.85,87.99,22.91
Accelya Kale,1729.13,19.29,60.39
Acknit Industri,41.8,17.2,7.82
Action Const,2560.75,7.06,31.96
Ad Manum Fin,16.2,2.5,8.64
Adani Enterpris,165620.4,3.35,450.27
Adani Green Ene,174684.75,2.34,477.31
Adani Ports,143657.65,9.44,74.53
ADC India Comm,122.68,7.88,32.54
ADF Foods,1815.06,18.32,49.42
Adinath Exim,6,1.11,12.52
ADINATH TEXTILE,3.67,0.46,11.7
Ador Fontech,210.18,3.63,16.54
Ador Multi,40.89,10.86,7.86
Advanced Enzyme,4644.39,6.35,65.28
Advik Capital,14.63,0.01,319
Aegis Logistics,12125.3,4.44,77.21
Affle India,11558.73,10.59,409.56
AFL,1570.68,3.89,7.72
Agarwal Ind,400.42,18.19,18.55
AGC Networks,3487.74,1.76,619.32
AGI Infra,120.95,13.42,7.3
Agro Tech Foods,2302.9,12.43,75.85
Ahluwalia,2758.21,11.53,35.71
AIA Engineering,20225.59,51.41,41.62
Aimco Pesticide,111.16,2.37,48.84
Ajanta Pharma,18518.66,78.08,27.49
Ajanta Soya,191.55,15.62,7.51
Ajcon Global,15.54,2.53,9.98
Ajmera Realty,967.32,6.66,40.93
Aksh Optifibre,147.73,0.14,64.86
AksharChem,279.67,15.24,22.37
Akzo Nobel,10584.02,45.59,51.59
Alankit,376.69,0.86,30.76
Albert David,280.25,38.8,12.62
Alembic,3263.7,0.52,242.79
Alembic Pharma,19366.38,59.8,16.45
Alexander Stamp,22.64,0.05,524
Alfa ICA,12.87,2.95,10.8
Alfred Herbert,55.54,21.33,33.76
Alkem Lab,38469.44,140.93,22.68
Alkyl Amines,18502.7,57.84,62.22
Allcargo,3923.76,7.79,20.5
Allied Digital,319.7,1.53,41.44
ALLSEC Tech,592.01,10.48,36.98
Almondz Global,144.05,0.83,67.05
Alpa Labs,120.56,3.58,15.7
Alphageo,193.17,11.68,25.89
Alpine Hsg,30.14,1.42,12.25
Amal,381.62,9.38,42.77
Amara Raja Batt,12723.82,37.87,19.67
Amarjothi Spin,115.09,18.03,9.55
Amba Enterprise,30.76,1.71,14.21
Amber Enterpris,9835.2,15.3,191.24
Ambika Cotton,676.7,118.69,9.97
Ambuja Cements,67551.65,10.35,32.91
Amco India,17.96,1.51,28.44
AMD Industries,52.33,1.62,17.13
Amforge,5.09,0.29,12.21
Amin Tannery,32.39,0.01,300
Amines Plast,571.11,5.94,17.4
AMJ Land,126.9,1.14,27.15
Amrit Corp,226.35,53.97,13.84
Amrutanjan Heal,2044.68,20.93,33.46
AMSL,428.9,5.35,60.19
Andhra Petro,1000.54,9,13.08
Andhra Sugar,1661.66,50.1,11.93
Andrew Yule,1344.62,0.43,63.95
Angel Broking,7096.63,35.25,24.29
Anjani Cement,867.93,33.61,10.21
Anjani Finance,6.09,0.42,14.29
Anjani Foods,156.01,1.87,149.25
Anjani Synth,37.61,2.06,13.5
Anuh Pharma,699.06,5.67,24.55
Anupam Finserv,8.73,0.83,10
Apar Ind,1968.35,35.75,14.44
Apcotex Ind,1681.85,8.52,37.72
Apex Frozen,907.81,14.17,20.5
APL Apollo,20364.92,12.31,132.28
Aplab,20.8,4.03,5.16
APM Industries,62.67,2.22,13.29
Apollo Finvest,215.27,10.99,52.5
Apollo Hospital,52023.45,7.31,494.96
Apollo Micro Sy,237.33,4.12,27.74
Apollo Pipes,1385.66,33.93,31.15
Apollo Tricoat,4690.42,34.54,44.96
Apollo Tyres,14277.07,11.38,19.77
Aravali Sec,3.74,0.09,27.44
Arcee Ind,5.73,0.75,14.87
Archidply Ind,70.12,1.14,32.46
Archies,65.2,0.4,46.13
Archit Organosy,79.23,2.94,15.83
Arfin India,114.58,2.53,28.66
Aries Agro,173.02,12.67,10.5
Arihant Capital,261.32,16.69,7.52
Arihant Found,21.76,0.63,40.87
Arihant Super,382.79,0.95,97.89
Arihants Sec,3.91,0.13,60.15
Arman Financial,555.78,9.42,69.51
Arnold Holdings,58.04,0.48,40.21
Aro Granite,103.12,3.95,17.06
Arrow Greentech,227.17,1.79,90.03
Artefact,25.68,5.71,6.18
Artemis,122.13,1.94,24.92
ARUNIS ABODE,8.4,2.21,12.67
Arvind,2053.27,3.58,21.94
Arvind Smart,370.11,3.93,26.59
Aryaman Fin Ser,48.48,0.33,125.76
Asahi India,8171.47,5.71,59.03
Asahi Songwon,404.36,27.39,12.3
Ashapura Mine,1339.59,6.4,24.2
Ashiana Agro,5.47,0.12,99.08
Ashiana Housing,1407.34,0.35,389.86
Ashika Credit,60.59,1.38,36.63
AshirwadCapital,16.56,0.12,34.5
Ashish Polyplas,3.87,0.97,11.97
Ashnoor Text,27.02,1.72,12.33
Ashok Alco-Chem,46.51,8.24,12.34
Ashoka Buildcon,3104.8,14.55,7.61
Asia Pack,4.64,0.62,29.76
Asian Energy,489.26,5.68,22.24
Asian Granito,636.2,14.36,12.92
Asian Hotel (E),205.08,0.6,296.5
Asian Paints,286881.67,31.82,93.99
Asian Star,1436.16,32.85,27.4
Asian Tea Expo,18.65,0.93,20.22
ASM Tech,177.7,12.65,14.05
Assoc Alcohol,875.58,32.06,15.11
Assoc Stone,265.72,0.83,35.54
Astec Life,2644.52,33.03,40.8
Astra Microwave,1493.62,2.76,60.92
Astral Ltd,39803.85,16.27,122.83
AstraZeneca,9036.25,37.32,96.69
Astron Paper &,256.21,2.1,27.05
Asya Infosoft,7.21,0.07,85.43
Athena Global,77.08,4.62,14.07
Atishay,33.33,2.26,13.45
Atul,26569.17,213.23,42.08
ATV Projects,47.17,1.3,6.83
AU Small Financ,32443.73,37.42,27.71
Auro Labs,107.51,11.54,14.41
Aurobindo Pharm,56557.72,53.41,18.07
Auroma Coke Ltd,6.53,0.16,64.63
Ausom Enterp,108.99,12.21,6.4
Automotive Axle,2023.27,15.04,89.07
Avadh Sugar,1007.03,38.76,12.73
Avantel,217.16,37.99,14.08
Avanti Feeds,7433.56,22.41,24.35
Avenue Supermar,217198.85,17.99,185.79
AVI Photochem,1.69,0.66,24.55
Avonmore Cap,80.22,0.17,194.41
AVT Natural,1188.58,2.68,26.29
Axis Bank,229371.58,21.49,34.82
Axtel Ind,566.87,13.18,26.44
AYM Syntex,375.01,2.82,26.31
B and A,70.46,21.75,10.71
B C Power Contr,22.7,0.07,55.14
B2B Software,52.54,1.6,28.34
Baba Arts,102.38,0.53,36.79
Bafna Pharma,334.5,2.46,56.93
BAG Films,71.84,0.04,90.75
Baid Leasing,51.51,6.23,6.89
Bajaj Auto,119769.01,157.4,26.26
Bajaj Consumer,4220.39,15.15,18.83
Bajaj Electric,11799.14,16.02,64.14
Bajaj Finance,363131.41,65.53,91.81
Bajaj Healthcar,1126.43,60.23,13.54
Bajaj Holdings,40248.74,17.84,202.41
Bajaj Steel,483.55,69.08,13.46
Bal Pharma,151.93,0.39,262.82
Balaji Amines,8736.44,71.51,37.29
Balaji Telefilm,650.27,2.5,25.68
Balkrishna Ind,43353.31,59.77,37.5
Balmer Invest,1070.46,38.21,12.62
Balmer Lawrie,2394.05,6.81,20.56
Balrampur Chini,7481.25,22.37,15.91
Balurghat Tech,23.9,0.49,26.8
Bambino Agro,208.23,10.72,24.49
Banaras Beads,37.89,3.61,15.83
Banas Finance,17.11,4.14,1.58
Banco Products,1133.93,11.19,14.11
Bandhan Bank,53232.62,13.69,24.14
Bank of Baroda,44447.86,1.6,53.72
Bank of India,28808.15,5.84,13.34
Bank of Mah,16761.21,0.84,30.24
Bannariamman,2400.6,73.48,25.38
Banswara Syntex,284.04,8.14,19.78
Barak Vally Cem,51.63,1.72,13.55
Basant Agro Tec,125.43,0.97,14.27
BASF,11083.29,126.3,20.58
Bayer CropScien,25563.06,109.72,52.73
BCC Fuba,20.16,0.28,47.04
BCL Enterprises,5.4,4.04,2.37
BCL Industries,652.65,18.73,14.36
BDH Industries,68.34,9.82,12.1
Bectors Food,2364.25,11.54,34.87
Beekay Steel,759.07,33.52,11.96
Bella Casa,154.8,4.71,28.34
Bemco Hydraulic,83,18.54,20.47
BEML,5584.53,17.96,74.4
Bengal & Assam,1897.78,20.59,81.52
Bengal Tea,44.44,3.69,13.58
Berger Paints,78247.53,7.01,114.77
Bervin Invest,8.52,3.7,3.91
Beryl Securitie,2.91,0.68,8.84
Betex,11.09,10.49,7.05
BF Investment,1375.81,4.87,75
Bhageria Indu,1133.22,14.31,18.14
Bhagiradh Chem,511.05,28.24,21.87
Bhagwati Auto,48.97,5.97,28.48
Bhagyanagar Ind,159.66,0.3,163.67
Bhagyanagar Pro,92.63,0.43,67.33
Bhakti Gems,24.56,2.11,11.61
Bhandari Hosier,49.23,0.13,25.85
Bhansali Eng,2919.94,20.1,8.78
Bharat Bhushan,7.77,0.08,287.5
Bharat Bijlee,700.93,46.09,26.87
Bharat Dynamics,6552.3,14.06,25.44
Bharat Elec,43371.35,8.48,20.99
Bharat Forge,35494.15,6.7,113.73
Bharat Parenter,207.07,35.26,10.33
Bharat Rasayan,5655.07,361.21,39.58
Bharat Seats,248.22,1.53,51.67
Bhartiya Inter,305.06,1.81,138.73
Bhatia Communic,90.11,2.88,24.65
Bhilwara Spin,11.66,0.87,19.66
Bhilwara Tech,55.45,0.19,50.68
Bigbloc Constru,141.01,0.27,368.89
Bihar Sponge,106.17,0.44,26.75
Bilcare,154.34,21.06,3.13
Bimetal Bearing,139.59,10.31,35.12
Binny Mills,27.42,67.41,1.25
Biocon,48552.26,2.34,172.82
Biofil Chem,110.74,1.11,61.22
Birla Cable,345.75,2.73,41.94
Birla Corp,9367.7,55.65,21.78
Birlasoft,11050.6,6.97,57.3
BKV Industries,15.12,0.1,97.9
Black Rose Ind,984.3,5.24,36.86
BLB,49.16,0.21,45.05
Bliss GVS,1114.71,6.53,16.35
BLS Internation,1334.92,2.03,63.82
Blue Chip Tex,18.13,9.21,10.01
Blue Dart,13770.03,40.59,142.63
Blue Star,7871.25,6.84,119.27
BN Rathi Sec,18.17,6.85,5.29
BNK Capital,193.5,6.49,29.82
BNR Udyog,3.81,1.67,7.61
Bodal Chemicals,1238.29,4.39,23.11
Bodhtree Cons,84.42,2.13,19.86
Bombay Cycle,26.65,50.04,13.98
Borosil,3507.77,6.89,38.95
Borosil Ltd.,2506.06,3.57,61.3
Bosch,44299.45,163.59,91.81
Boston Leasing,2.38,0.27,12.78
BPCL,101553.57,87.78,5.33
Brady and Morri,20.41,11.68,7.58
Bridge Sec,3.33,3.7,2.68
Brigade Ent,6438.44,6.3,44.55
Bright Brothers,79.52,10.04,13.81
Brightcom Group,1154.4,0.12,189.5
Brijlaxmi Lease,1.16,0.08,25.63
Britannia,87924.15,73.07,49.96
BSL,57.12,1.32,42.05
Butterfly,1268.55,20.22,34.61
C & C Construct,11.96,8.37,0.56
Cadila Health,66036.52,14.42,44.73
Calcom Vision,35.9,0.72,47.22
California Soft,17.91,0.03,386.33
Cambridge Tech,70.57,1.02,35.25
Camex,30.63,1.96,15.31
Camlin Fine,2291.54,0.65,287.23
CAMS,13573.49,44.85,62.2
Can Fin Homes,6959.3,34.25,15.26
Canara Bank,25005.72,15.53,9.78
Cantabil Retail,688.86,5.92,69.84
Capacite Infra,1316.76,0.26,746.35
Capfin India,1.25,0.15,29.2
Capital India,935.53,2.63,45.08
Capital Trade,41.47,0.19,35.79
Caplin Labs,5039.32,20.66,32.26
Capri Global,9377.77,8.19,64.96
Caprihans,218.75,15.4,10.76
CaprolactumChem,43.77,0.67,142.01
Captain Poly,193.96,1.8,21.36
Carborundum,11529.13,9.7,62.5
CARE Ratings,2103.97,29.13,24.25
Career Point,245.7,6.86,19.69
Castrol,14188.96,7.09,20.18
CCL Products,4865.5,11.93,30.18
Ceat,5487.66,105.05,12.95
Ceejay Finance,28.64,12.07,7.01
Ceeta Industrie,10.15,0.43,16.28
Ceinsys Tech,147.91,2.49,55.8
Cella Space Ltd,13.79,0.2,36
Cenlub,41.03,6.8,12.94
Centennial Sutu,19.9,2.72,22.06
Centum Electron,508.95,18.61,21.32
Century,6875.43,2.82,217.91
Century Enka,871.4,32.46,12.12
Century Extr,79.44,0.19,52.53
CenturyPlyboard,9004.67,8.64,46.87
Cera Sanitary,5842.24,77.89,57.67
CESC,10177.07,61.41,12.54
CG Consumer,27184.37,9.63,45.1
CG-Vak Software,105.93,13.59,15.35
Chaman Lal Seti,656.24,15.85,8
Chambal Fert,12752.61,32.36,9.47
Chandni Textile,89.72,1.04,53.13
Chandra Prabhu,18.36,15.44,3.22
CHD Chemicals,10.86,0.06,179
Chembond Chem,278.38,7.2,29.35
Chemcon Special,1816.7,15.4,31.31
Chemo-Pharma,3.9,1.64,15.85
Chemtech Ind,11.33,0.6,16.43
Chennai Petro,2191.98,15.95,9.12
Cheviot Company,1171.91,120.83,15.98
Choice Internat,486.16,0.65,208.62
Choksi Imaging,11.6,4.93,6.03
Chola Fin Hold,12384.41,1.16,568.71
Chola Invest.,42106.8,18.47,27.78
Chordia Food,66.06,2.46,65.33
Cigniti Tech,1758.68,19.43,32.77
CIL Securities,7.75,1.51,10.26
Cineline India,132.72,2.83,16.54
Cipla,78397.17,30.6,31.76
Citadel Realty,7.43,0.43,21.88
Citi Port Fin,5.98,0.08,241.25
City Union Bank,12338.33,8.02,20.81
CJ Gelatine,9.67,0.72,27.85
Clariant Chem,1344.86,95.21,6.06
Coal India,90345.6,12.4,11.82
Coastal Corp,318.23,21.58,13.83
Coastal Roadway,8.48,1.33,15.38
Cochin Minerals,109.19,5.98,23.12
Cochin Shipyard,5099.82,46.38,8.3
COFORGE LTD.,25233.57,39.59,105.01
Colgate,45965.57,38.07,44.27
Colinz Labs,10.93,0.45,53.16
Comfort,63.99,1.51,13.22
Comfort Comm,8.52,11.91,0.71
Comfort Fincap,19.86,3.85,4.57
Commercial Eng,291.27,1.37,23.76
Commercial Syn,169.11,10.23,14.02
Competent Auto,111.73,18.51,10.01
Compucom Soft,112.36,0.49,28.92
Conart Engineer,9.42,3.3,9.09
Concord Drugs,28.85,3.47,9.42
Confidence Fin,3,0.01,293
ConfidencePetro,1684.19,1.61,36.71
Container Corp,42534.84,8.26,84.58
Contech Soft,4.89,0.04,221.75
Contil India,4.84,2.05,7.62
Continent Petro,34.28,5.06,12.39
Coral India Fin,192.24,3.22,14.81
Coral Labs,161.3,42.82,10.38
Cords Cable Ind,87.39,5.55,12.27
Coromandel Int,26254.46,44.73,20.11
Corp Courier,6.06,0.17,49.47
Cosmo Ferrites,41.56,1.5,23.03
Cosmo Films,1747.85,118.61,8.27
COSYN,22.5,0.07,426.43
Crane Infra,5.29,0.25,29.2
Cranex,7.69,0.79,16.22
Cravatex,73.65,18.52,15.32
Creative Cast.,45.23,21.79,15.97
CreditAccess Gr,11680,9.15,81.94
Crestchem,14.96,1.91,26.05
CRISIL,18567.18,36.69,69.3
CSB Bank,6034.7,12.59,27.58
CSL Fin,223.02,33.33,10.78
Cubex Tubings,41.45,0.52,55.67
Cummins,24939.68,22.29,40.36
Cybertech,429.17,5.69,27.3
Cyient,9494.56,25.26,34.07
Dabur India,100537.72,7.82,72.74
Dai-Ichi Karkar,300.32,66.82,6.05
Daikaffil Chem,19.05,1.1,29.86
Dalal Street,7.81,4.39,56.44
Dalmia Sugar,3826.41,33.3,14.11
Datamatics Glob,1119.74,8.54,22.12
DB (Int) Stock,50.93,0.08,181.88
DB Corp,1781.11,8.08,12.49
DB Realty,597.2,0.78,31.22
DCB Bank,3216.15,10.81,9.58
DCM Financial,8.32,0.26,14.46
DCM Shriram,14222.72,42.48,21.47
DCM Shriram Ind,818.07,41.43,10.95
DCW,1046.73,0.15,267.33
De Nora India,179.43,10.63,31.8
Deccan Cements,829.66,82.19,7.21
DECIPHER LABS,36.61,0.1,358
Deepak Fert,4062.93,20.35,19.44
Deepak Nitrite,24652.36,26.01,69.49
Deepak Spinners,158.03,21.82,9.64
Delta Corp,4730.74,3.25,54.55
Delton Cables,44.37,0.72,71.32
Den Networks,2708.25,5.15,10.91
Denis Chem Lab,71.81,1.63,31.6
Devine Impex,3.75,0.01,393
DFM Foods,1999.27,5.71,69.19
Dhampur Sugar,2483.56,32.97,11.17
Dhampure Specia,32.36,0.16,250.31
Dhanlaxmi Bank,400.27,1.68,9.42
Dhanlaxmi Roto,16.36,8.33,5.25
Dhanuka Agritec,4479.2,45.21,21.22
Dharamsi Morarj,848.21,13.06,25.26
Dharani Sugars,99.97,4.32,6.97
Dhoot Ind Fin,42.33,52.6,1.31
DHP,162.85,77.13,6.99
Dhunseri Invest,335.5,11.13,48.12
Dhunseri Tea,328.25,64.27,7.29
Dhunseri Ventur,835.17,35.16,6.78
Diamines Chem,268.26,21.5,12.75
Diana Tea,35.3,3.21,7.34
DIC India,431.82,95.88,4.93
Diligent Media,43.2,9.78,0.38
Dilip Buildcon,8363.5,21.84,26.28
Disa India,790.36,162.01,33.52
Divis Labs,116699.99,73.63,59.84
Divyashakti,59.35,6.14,9.41
Dixon Technolog,25902,25.95,170.54
DLF,69593.39,4.35,64.63
Dolat Investmen,1307.68,8.34,8.87
Dollar Ind,1727.01,15.39,19.78
Dr Lal PathLab,27265.44,33.61,97.36
Dr Reddys Labs,90173.02,131.44,41.24
DRA Consultants,14.37,3.56,3.68
Duncan Eng,58.4,21.61,7.31
Duro Pack,11.89,1.96,11.51
Dutron Polymers,147.63,3.8,66.39
Dwarikesh Sugar,1480.99,4.86,15.82
Dwekam Industri,13.65,0.7,39.21
Dynacons Sys,166.08,7.49,22.06
Dynamatic Tech,902.67,44.55,31.78
Dynamic Ind,23.71,1.29,60.7
Dynavision,27.42,11.91,5.99
Dynemic Product,517.82,25.15,18.11
East West,86.01,0.01,785
Eastern Silk,35.92,0.67,6.79
EBIXCASH WORLD,784.52,46.59,15.13
eClerx Services,6682.4,68.47,27.97
Eco Recycling,110.09,2.26,24.8
Econo Trade,8.59,0.56,8.71
Ecoplast,24.03,0.78,102.69
Edelweiss,6827.43,7.65,9.49
Eicher Motors,73188.5,48.64,54.9
EID Parry,7606.55,43.2,9.87
Eimco Elecon,233.71,19.51,20.77
Elantas Beck,2949.1,83.99,44.29
Eldeco Housing,530,250.75,10.74
Elecon Eng,1537.14,3.23,42.37
Electrosteel,1610.59,1,37.2
Elgi Equipments,6575.86,3.32,62.45
Elixir Cap,28.15,1.4,34.64
Elnet Tech,68.4,29.97,5.66
Elpro Int,824.52,0.21,231.67
Emami,24939.44,10.69,52.45
Emami Paper,931.69,8.44,18.76
Embassy Office,27008.29,5.79,60.46
Emkay Global,222.68,3.26,27.75
Emmbi Ind,180.44,4.34,23.31
Empire Ind,519,22.01,38.55
Endurance Techn,22787.38,27.88,58.39
EngineersInd,4473.86,4.62,17.23
Enterprise Intl,2.69,2.32,3.79
EPL,8881.59,4.85,57.71
Equitas Bank,6763.3,3.36,17.54
Equitas Holding,3217.95,4.3,21.86
Eris Life,9563.03,25.82,27.4
Esaar (India),5.48,1.26,2.13
Esab India,2863.1,38.52,47.98
Escorts,16461.28,64.82,18.83
Ester Ind,1162.51,17.04,7.97
Euro Leder,6.42,0.48,28.96
Everest Ind,585.36,36.69,10.2
Everest Kanto,1043.53,9.16,10.1
Everest Market,6.13,0.19,64.21
Everest Organic,271.2,17.14,19.73
Evexia Lifecare,691.49,0.22,496.36
Excel,1349.21,55.84,19.14
Exide Ind,15491.25,8.92,20.43
Expleo Solution,832.3,44.14,18.39
Expo Gas Cont,13.25,0.15,48.93
Fairchem Org.,1918.63,32.63,45.02
Faze Three Auto,94.36,10.35,8.7
Faze Three Exp,296.69,8.13,15.02
FDC,5967.44,17.45,20.24
Federal Bank,17397.61,7.97,10.93
Federal-Mogul,1779.67,1.74,183.85
Fermenta Bio,953.56,16.82,19.19
Fert and Chem,8984.59,5.44,25.39
Fervent Synergi,60,0.06,322.5
Fiberweb India,128.12,4.99,8.79
Ficom Industrie,9.3,7.51,4.13
FIEM Ind,978.56,33.9,21.94
Filatex Fashion,33.69,0.02,179
Filatex India,2170.79,7.48,13.01
Fine Organics,8910.86,37.49,77.44
Fine-line Circ,9.33,0.11,176.36
Finkurve Fin,787.16,0.4,155.13
Finolex Cables,7978.85,19.88,26.09
Finolex Ind,11376.44,11.73,15.68
Firstsource Sol,13024.37,5.26,35.53
Fischer Inorg,0.47,8.19,3.31
Flag Finin,39.03,0.37,103.38
Flex Foods,138.07,9.63,11.52
Flomic Global,8.71,3.04,3.98
Fluidomat,53.66,7.35,14.59
Foods and Inns,356.9,0.77,91.23
Foseco India,1029.37,29.16,54.03
Fredun Pharmace,167.03,4.97,83.58
Freshtrop Fruit,121.95,4.27,26.15
Frontier Spring,109.49,19.8,14.04
Fruition Vent,3.54,1.39,6.37
Fundviser,4.52,1.42,8.63
Gabriel India,1720.85,4.11,29.23
GAIL,66472.57,11.01,13.59
Gala Global Prd,178.78,0.43,74.53
Galaxy Bearings,72.5,24.7,9.24
Galaxy Surfacta,10746.16,50.17,60.27
Gallantt Ispat,1626.4,3.39,16.92
Gallantt Metal,638.38,3.24,24.21
Gandhi Spl Tube,546.46,27.98,15.14
Ganesh Benzo,489.52,6.97,11.28
Ganesha Ecosph,1173.22,20.7,25.99
Ganga Papers,45.48,2.36,17.86
Ganges Securiti,85.38,4.7,18.43
Garden Reach Sh,2356.33,13.4,15.19
Garg Furnace,13.47,2.11,15.92
Garnet Construc,45.04,9.77,3.36
Garware Technic,7050.07,75,45.25
Gateway Distri,3607.76,8.51,33.97
Gayatri Project,593.42,3.02,10.46
GE Power India,2372.79,9.94,35.51
GE T&D India,3610.26,2.36,59.47
GEE,141.76,5.27,11.2
Gemstone Inv,16.45,0.11,20.18
General Insuran,36438.89,10.59,19.69
Generic Pharmas,244.74,0.04,221
Gennex Labs,118.91,0.22,42.32
Genus Paper,289.27,0.14,86.29
Genus Power,1789.21,1.99,34.92
Geojit Fin,1801.06,4.78,15.79
GFL,774.44,1.29,54.11
GIC Housing Fin,977.4,9.71,18.69
Gilada Finance,14.22,3.26,12.42
Gillette India,18458.71,100.6,56.46
Glance Fin,12.86,5.62,10.14
GlaxoSmithKline,25632.83,21.11,71.18
Glenmark,18477.78,58.46,11.17
Global Cap Mkts,5,0.34,5.91
Globalspace Tec,71.55,9.73,6.33
Globus Spirits,1962.81,41.06,16.6
Gloster,559.23,81.51,12.54
GM Breweries,1086.97,43.82,13.53
GMM Pfaudler,6848.3,65.06,71.96
GNA Axles,932.13,32.91,13.12
GNFC,5862.4,44.35,8.51
GOCL Corp,1352.59,8.07,33.81
Godavari Drugs,46.54,5.48,11.17
Godawari Power,4633.57,177.59,7.38
Godfrey Phillip,5109.96,68.65,14.32
Godrej Agrovet,12163.5,14.52,43.61
Godrej Consumer,89257.94,11.97,72.66
Gogia Capital,46.84,4.3,17.23
Gokaldas Export,620.7,6.12,22.98
Gokul Agro,544.73,2.63,15.72
Gokul Refoils,304.41,0.3,102.17
Goldiam Inter,994.1,13.76,32.7
Goldstone Tech,22.43,0.76,15.82
Golechha Global,4.62,0.63,13.33
Golkonda Alum,5.11,4.54,3.03
Golkunda Diamon,32.8,3.86,12.2
Good Luck,272.88,14.25,7.8
Goodricke Group,541.51,9.04,27.88
Goodyear,2536.85,59.07,18.62
Gopala Poly,0.91,"1,080.57",0.04
Gorani Ind,8.43,1.21,14.3
Gowra Leasing,5.54,2.92,6.32
GP Petroleums,322.48,3.48,18.18
GPT Infra,236.76,7.07,11.64
Granules India,8232.71,22.32,14.9
Graphite India,12455.19,5.63,113.23
Grasim,100008.09,14.14,107.48
Grauer and Weil,1232.15,2.73,19.91
Gravita India,884.03,4.66,27.48
Greaves Cotton,3709.71,0.45,356.56
Greencrest Fin,27.78,0.19,40
Greenlam Ind,2942.22,27.7,43.94
Greenply Ind,2454.39,4.72,42.27
Grindwell Norto,13799.03,21.86,57.01
GRM Overseas,997.6,91.57,27.07
GRP,127.67,12.27,78.72
GRWRHITECH,2056.07,51.09,17.44
GSFC,4618.35,10.48,11.04
GSL Securities,1.47,0.25,18.12
GTL,422.18,4.27,6.29
GTPL Hathway,2024.33,12.08,15.1
GTV Engineering,6.72,2.84,7.57
Gufic Bio,1833.22,3.99,47.01
Guj Alkali,2955.84,22.72,17.72
Guj Containers,11.3,3.04,6.58
Guj Craft Ind,27.3,6.1,8.55
Guj Heavy Chem,2602.41,32.62,8.33
Guj Hotels,67.8,6,29.92
Guj Ind Power,1266.73,12.12,6.89
Guj Intrux,41.93,11.27,10.93
Guj Investa,5.05,0.44,15.3
Guj Mineral,2157.63,5.81,11.68
Guj Petrosynth,47.07,8.4,9.39
Guj Poly AVX,12.57,1.15,12.78
Guj Raffia Ind,38.94,0.82,87.87
Guj Sidhee Cem,409.7,2.79,16.65
Guj Stat Fin,47.59,1.38,3.87
Guj State Petro,18793.88,16.38,20.34
Guj Themis,464.92,20.77,15.33
Gujarat Apollo,260.31,1.76,125.34
Gujarat Bitumen,2.15,0.12,35.92
Gujarat Gas,45471.61,18.53,35.65
Gujarat Pipavav,5479.79,4.52,24.96
Gujchem Distill,2.79,5.84,29.55
Gulf Oil Lubric,3461.35,39.76,17.29
Gulshan Poly,901.51,13.31,14.44
Haldyn Glass,208.02,1.87,20.59
Happiest Minds,14991.83,11.03,91.28
Harrisons Malay,384.7,21.92,9.51
Haryana Capfin,22.22,1.43,29.83
Haryana Leather,18.92,4.08,9.45
Hasti Finance,4.9,0.78,5.79
Hathway Cable,4602.27,0.63,41.03
Hatsun Agro,19312,11.43,78.19
Havells India,61374.57,16.6,59.03
Hawa Engineers,14.11,2.26,17.7
Hawkins Cooker,3045.78,152.48,37.75
HB Portfolio,34.18,0.44,74.2
Hb Stockhol,16.45,9.59,2.41
HBL Power,1356.87,0.53,92.36
HCL Tech,267296.01,32.22,30.55
HDFC,446788.5,66.61,37.15
HDFC AMC,62152.06,62.22,46.88
HDFC Bank,827930.15,56.33,26.59
HDFC Life,138799.71,6.73,101.99
Heidelberg Cem,5729.91,13.9,18.19
Hercules Hoists,495.36,2.43,63.7
Heritage Foods,2004.39,31.29,13.78
Hero Motocorp,58058.94,148.37,19.56
Hester Bio,2214.51,46.9,55.35
HFCL,8727.34,1.74,38.79
HG Infra Engg,2632.91,32.37,12.53
High Energy,225.8,102.24,12.32
Hikal,6083.04,10.8,45.44
HIL,3455.37,250.58,18.45
Hiliks Tech,8.97,0.54,32.39
Him Teknoforge,87.31,6.53,16.88
Himalaya Food,82.82,0.44,32.52
Himatsingka Sei,1848.53,5.46,34.03
Hind Adhesives,113.58,17.1,12.97
Hind Composites,467.14,14.21,22.46
Hind Copper,13915.48,1.14,126.45
Hind Hardy,32.78,21.23,10.25
Hind Motors,195.93,0.09,104.33
Hind Org Chem,257.64,2.3,16.65
Hind Rectifiers,260.05,3.22,48.48
Hind Sanforiser,8.47,7.89,3.14
Hind Tin Works,95.31,10.66,8.76
Hind Zinc,142963.67,18.89,17.97
Hindalco,83607.17,4.42,84.19
Hindoostan Mill,49.11,102.99,2.91
Hinduja Global,5003.07,99.31,24.2
Hindustan Aeron,34152.67,96.68,10.56
Hindustan Foods,4260.81,17.21,116.25
Hindustan Media,574.64,10.13,7.53
Hisar Metal,72.9,10.02,13.44
Hitech Corp,413.93,9.87,24.42
HLE Glascoat,4711.22,38.89,90
HMT,3768.81,2.07,15.17
HOEC,1585.6,3.76,31.74
Home First,4726.28,11.44,47.36
Honda India PP,1239.53,47.98,25.47
Honeywell Autom,36970.78,520.32,80.36
HOV Services,71.57,2.13,26.69
HP Cotton,26.35,9.42,7.2
HPCL,42045.77,75.17,3.9
HSIL,1623.9,13.61,18.44
HUDCO,10630.09,7.46,7.12
Huhtamaki India,2234.32,11.24,26.02
HUL,580254.46,33.85,72.96
ICICI Bank,436865.98,23.38,26.98
ICICI Lombard,71259.82,32.4,48.38
ICICI Prudentia,88253.67,6.68,91.73
ICICI Securitie,20673.03,33.1,19.35
ICRA,3155.47,54.86,59.23
Ideal Texbuild,9.96,0.08,87.38
IDFC,8588.57,0.06,896.67
IDFC First Bank,33641.05,0.73,74.25
IEX,11249.84,7.13,52.64
IFB Agro,526.15,50.17,11.21
IFB Industries,4134.13,15.24,67
IFGL Refractory,1399.05,12.44,30.97
IG Petro,1946.23,61.54,10.35
Igarashi Motors,1576.74,8.14,61.54
IIFL Finance,9531.21,9.04,27.82
IM+ Capitals,22.24,3.03,20.96
Inani Marbles,34.32,0.84,21.67
Inani Sec,7.32,0.88,18.24
Incredible Ind,190.56,0.78,51.92
Ind & Prud Invt,256.29,66.41,22.99
Ind Motor Parts,956.34,40.3,18.96
Indag Rubber,244.39,1.05,88.71
Indbank Merchan,100.52,0.91,24.89
Indergiri Fin,1.37,0.07,38.57
India Cements,5950.03,7.16,26.82
India Gelatine,74.65,10.03,10.51
India Glycols,1987.88,27.23,23.58
India Home Loan,64.77,0.79,57.41
India Nippon,838.92,17.99,20.6
India Sucrose,66.49,2.77,16.25
Indiabulls Hsg,12064.74,22.89,11.4
Indiamart Inter,21229.32,94.36,74.07
Indian Acrylics,210.97,0.46,31.52
Indian Bank,17872.08,24.13,6
Indian Hume,1068.02,8.67,25.42
Indian Metals,1557.66,61.33,9.41
Indian Toners,203.71,12.49,15.03
IndiGrid InvIT,9312.39,15.3,8.69
Inditrade Capit,92.36,0.08,487.5
Inditrade Capit,92.36,0.08,494.38
Indo Amines,588.03,5.62,28.76
Indo Asian Fin,9.27,3.56,1.74
Indo Borax,476.54,108.25,13.7
Indo Count,3410.08,13.18,12.92
Indo Euro,8.76,0.07,138.14
Indo Rama Synth,1300.34,4.32,11.27
Indo Tech Trans,245,5.92,38.97
Indoco Remedies,3790.6,10.03,41.2
Indokem,101.19,1.22,34.06
Indo-National,383.25,27.12,37.56
Indowind Energy,67.67,0.29,26
Indra Ind,4.08,5.59,1.13
Indraprastha,773.26,0.25,336.8
Ind-Swift Labs,569.3,4.71,20.06
INDUS TOWERS,64341.62,12.39,19.27
IndusInd Bank,78632.7,36.66,27.72
INEOS Styro,2553.43,159.34,9.03
Infibeam Avenue,6908.17,0.36,144.03
Info Edge,63490.57,21.04,233.57
Infosys,673813.6,42.35,37.34
Ingersoll Rand,3091.3,22.92,42.77
Innovative Tech,44.82,0.5,40.4
Insecticides,1514.43,45.21,16.3
Inspirisys Solu,214.92,0.12,446.67
Integra Capital,5.5,0.39,29.97
Integra Engg,154.27,1.58,28.2
Integra Telecom,49.63,0.64,73.44
Integrated Cap,11.64,0.3,10.9
Intellect Desig,9699.83,15.5,46.64
Intellivate Cap,16.33,0.05,112.2
Intense Tech,160.01,4.68,15
Inter Globe Fin,12.62,1.34,13.81
Inter State Oil,6.42,0.78,16.49
Interactive Fin,1.74,0.79,7.29
Intl Conveyor,416.81,2.03,30.42
Intrasoft Tech,162.2,2.2,50.05
Inventure Grow,348.6,0.09,46.11
Invest and Prec,107.63,0.95,227.32
IO System,6.68,2.53,1.56
IOB,53021.27,0.44,63.75
IOC,101625.85,23.19,4.66
IOL Chemicals,3581.92,75.73,8.03
Ion Exchange,3318.4,99.53,22.73
IP Rings,164.79,3.92,33.16
Ipca Labs,25678.67,89.93,22.53
IRCTC,32656,14.8,137.41
ISF,23.66,0.04,62.25
ISGEC Heavy Eng,5653.68,23.15,33.21
Ishan Dyes,99.8,8.02,7.69
IST Ltd,476.94,4.03,101.41
ITC,249561.82,10.55,19.22
ITD Cementation,1406.08,0.92,88.97
ITL Industries,41.05,15.74,8.08
IVP,132.18,4.36,29.36
J Kumar Infra,1429.7,8.45,22.36
J. K. Cement,22284.16,78.02,36.55
J.Taparia Proj,2.74,0.04,42.25
Jagan Litech,35.58,3.02,16.85
JagranPrakashan,1801.22,4.87,13.35
JagsonpalPharma,412.62,5.16,30.51
Jai Corp,2734.74,5.53,27.83
Jaipan Inds,7.31,0.08,149.88
Jaiprakash Pow,3988.71,0.53,10.72
James Warren,112.67,55.24,3.76
Jamna Auto,3333.15,1.93,43.86
Jarigold Text,13.77,3.02,45.6
Jasch Ind,150.8,10.02,13.06
Jay BharatMarut,927.49,6.02,35.33
Jayant Agro-Org,657.3,11.2,19.02
Jayshree Tea,303.5,27.13,3.87
Jaysynth Dyestu,56.31,4.32,14.95
JB Chemicals,12639.49,57.85,28.75
JBM Auto,2010.2,11.19,38.74
JCT,193.12,0.16,13.44
Jeevan Scient,138.94,7.36,12.34
Jenburkt Pharma,221.67,35.96,13.44
JHS Svendgaard,145.87,0.43,52.44
Jindal (Hisar),4968.78,20.25,10.41
Jindal Capital,9.95,0.56,24.64
Jindal Drilling,362.7,3.17,39.91
Jindal PolyFilm,3972.08,179.41,5.03
Jindal Saw,3736.33,10.29,11.37
Jindal Stainles,5305.98,8.78,12.49
Jindal Steel,40596.64,70.14,5.67
Jindal Worldwid,1271.3,2.2,28.66
JITF Infralogis,46.42,0.07,258
JK Agri Genetic,371.42,15.46,52.75
JK Bank,2878.77,6.06,6.66
JK Lakshmi Cem,6813.1,30.92,18.67
JK Paper,3421.93,19.02,11.16
JK Tyre & Ind,3372.13,10.42,13.14
JM Financial,8481.13,1.84,48.07
JMC Projects,1965.33,4.23,27.84
Johnson Control,6057.18,12.17,183.39
Joindre Capital,37.29,1.85,14.73
Josts Engineers,75.41,21.91,18.49
JSW Energy,27459.3,1.13,148.67
JSW Holdings,5303.4,59.2,80.66
JSW Steel,165337.88,34.72,19.7
JTEKT India,2685.62,0.5,219.7
JTL Infra,501.68,18.91,25.01
Jubilant Food,40647.12,17.71,173.89
Jubilant Pharmo,11622.74,13.47,54.34
Jumbo Bag,11.27,0.38,35.42
Jump Networks,106.16,0.46,23.09
Junction Fabric,105.45,5.53,18.55
Jupiter Infomed,23.3,0.11,212.27
Just Dial,5983.63,34.62,27.76
Jyothy Labs,5686.23,5.18,29.87
Jyoti,31.27,0.91,14.88
Jyoti Resins,330.88,30.41,26.7
K.P. Energy,114.98,6.48,15.63
Kabra Extrusion,676.17,7.58,27.96
Kaira Can,127.71,54.74,25.24
Kajaria Ceramic,15486.98,18.96,51.68
Kakatiya Cement,204.06,1.61,162.89
Kalpataru Power,6206.54,41.3,10.31
Kalyani Invest,892.71,17.86,114.64
Kalyani Steels,1691.99,43.59,8.89
Kama Holdings,5258.24,108.27,77.27
Kamanwala,11.27,0.11,72.73
Kamdhenu,427.33,5.6,28.36
Kanani Ind,113.58,0.04,287
Kanchi Karp,451.53,120.93,8.6
Kanco Tea,35.35,18.29,3.85
Kanishk Steel,54.57,2,9.37
Kanpur Plast,340.28,21.11,11.2
Kansai Nerolac,31470.22,9.85,57.18
Kapil Raj Finan,4.98,0.59,16.41
Karnataka Bank,1928.95,15.52,4
Karnavati Fin,18.09,0.13,138.46
Karur Vysya,4168.46,4.5,11.59
Kaveri Seed,4395.28,50.61,14.42
Kaycee Ind,26.66,133.62,31.43
KBS India,3.91,0.07,65.57
KCP,1856.46,11.89,12.02
KDDL,439.38,2.66,128.57
KEC Intl,11655.1,25.13,18.04
Keerthi Ind,102.85,24.03,5.34
KEI Industries,6233.72,30.42,22.8
Kellton Tech,646.77,1.15,58.57
KELTECH Energ,62.66,18.76,34.87
Kemistar Corp,44.11,0.16,250
Kennametal,2684.53,16.56,73.76
Kernex Micro,98,0.3,261.33
Kesar Ent,116.67,7.26,15.94
Kesar Terminals,56.87,10.21,5.1
Kesoram,1520.38,10.13,9.11
Kewal Kiran,1094.52,15.76,56.36
Key Corporation,16.02,8.5,3.14
Keynote Finance,49.83,6.59,10.77
KFA Corporation,15.4,1.62,22.81
KG Petrochem,194.99,42.61,7.87
Khaitan Chemica,504.83,2.56,20.25
KIC Metaliks,201.79,2.95,19.29
KIFS Financial,44.35,2.51,16.31
Kilitch Drugs,246.66,3.96,39.9
Kilpest (I),509.8,2.22,305.68
Kimia Bio,233.96,1.08,45.28
Kingfa Science,1212.44,4.39,223.19
KIOCL,17017.03,4.96,56.43
Kiran Vyapar,401.08,29.7,4.89
Kirloskar Bros,3311.35,11.74,35.38
Kirloskar Ferro,3881.4,21.83,12.85
Kirloskar Ind,1707.7,28.01,61.54
Kirloskar Oil,3441.81,11.74,20.28
Kirloskar Pneum,2518.02,9.92,39.46
Kitex Garments,764.75,10.44,10.97
Kkalpana Ind,348.07,2.38,15.67
Kkalpana Plas,2.44,0.19,23.21
KLRF,36.24,8.12,8.18
KM Sugar Mills,304.98,2.85,11.39
KMC Speciality,586.29,0.78,46.03
KNR Construct,6684.95,8.68,27.38
Kopran,1002.33,5.43,42.68
Kotak Mahindra,338274.69,35.13,48.57
Kothari Ferment,118.5,2.79,28.33
Kovai Medical,1492.91,71,19.21
KPR Mill,10545.48,62.87,24.22
KPT Industries,50.42,5.9,25.14
KRBL,5545.79,24.3,9.7
Krishna Capital,1.42,0.43,11.05
Kriti Ind,557.79,7.71,14.29
Kriti Nutrients,218.7,3.01,14.47
Krypton,22.38,0.31,49.16
KSB Pumps,3519.42,35.71,28.31
KSE,889.65,311.35,8.93
Kunststoffe Ind,24.12,1.24,28.23
Kutch Minerals,3.89,0.28,26.5
L&T Finance,22951.7,0.47,197.66
L&T Infotech,71452.68,102.26,39.98
L&T Technology,30340.4,64.07,45.08
La Opala RG,3113.55,4.47,62.75
La Tim Metal,91.71,3.03,34.27
Laffans Petro,19.4,4.19,5.79
Lahoti Over,61.41,2.03,10.52
Lakshmi Elec,101.58,12.44,33.3
Lakshmi Loom,40.79,37.95,15.61
Lakshmi Machine,6983.58,44.43,146.6
Lambodhara Text,100.77,10.2,9.28
Lancer Containe,97.46,8.74,11.1
Landmark Prop,87.73,0.03,218
Larsen,210866.31,80.71,18.6
Lasa Supergener,336.57,5.6,14.58
Laurus Labs,36827.02,17.82,38.14
Le Lavoir,15.5,1.36,35.74
Leading Leasing,45.11,1.37,61.72
Lee and Nee,27.11,0.01,486
Lehar Footwears,48.49,0.71,49.93
LG Balakrishnan,1405.75,47.21,9.49
LGB Forge,208.19,0.04,218.5
Libord Finance,11.21,0.06,119
LIC Housing Fin,23716.64,54.18,8.67
Likhitha,801.33,14.7,27.65
Lime Chemicals,18.93,2.25,12.93
Lincoln Pharma,704.6,30.2,11.66
Linde India,14050.58,49.14,33.47
Link Pharmachem,15.5,2.44,14.34
LKP Finance,130.53,19.14,5.43
LKP Securities,94.78,0.53,24.19
Lloyds Steels,283.99,0.01,316
Lokesh Machines,82.68,2.21,20.9
Lotus Chocolate,33.96,0.79,32.72
Lovable Lingeri,175.31,0.45,261.44
Loyal Equip,32.64,1.77,18.08
Loyal Textiles,308.25,57.1,11.46
LT Foods,2370.05,3.33,22.24
Luharuka Media,5.25,0.01,56
Lumax Auto Tech,1050.31,6.17,24.98
Lumax Inds,1422.72,18.23,83.49
Lupin,52142.08,27.73,41.44
Lux Industries,10844.75,76.92,46.44
LWS Knitwear,7.2,0.36,39.56
M&M,96763.89,2.16,360.35
M&M Financial,19416.35,2.71,57.99
Maan Aluminium,222.63,21.89,15.04
Mac Charles,586.99,0.81,555.12
Mac Charles,586.99,0.81,555.56
Madhav Marbles,48.54,5.12,10.6
Madhusudan Ind,10.43,6.67,2.82
Madras Fert,534.05,0.18,184.17
Maestros Elect,35.82,10.24,6.29
Magadh Sugar,472.63,19.22,17.45
Magellanic,154.78,0.98,62.76
Magna Electro,72.83,12,14.34
Mah Scooters,4264.91,7.71,484.02
Mah Seamless,1982.85,21.13,14.12
Maha Rasht Apex,139.16,3.62,27.17
Mahaan Foods,13.76,0.29,135.52
Mahalaxmi Rub,66.4,4.58,10.66
Mahavir Ind,2.72,0.04,34
Mahindra EPC,440.42,6.89,22.96
Mahindra Holida,3350.16,9.42,26.54
Mahindra Logist,3948.1,3.35,164.84
Maithan Alloys,2951.04,80.05,12.66
Majesco,264.97,886.12,0.1
Mallcom (India),383.73,40.9,14.88
Man Industries,613.86,17.62,6.09
Man Infra,1436.74,3.73,15.56
Manaksia,424.66,0.64,101.25
Manaksia Coated,99.94,0.98,15.61
Manaksia Steels,162.85,3,8.33
Manali Petro,1470.59,6.52,12.75
Manappuram Fin,14286.64,20.06,8.41
Mangal Credit,116.75,2.96,20.42
Mangalam Cement,845.53,40.83,7.76
Mangalam Drugs,233.94,17.67,8.23
Mangalam Ind,140.4,0.01,146
Mangalam Organ,663.06,97.77,7.92
Mangalam Seeds,94.43,5.6,15.36
Mangalore Chem,986.05,5.66,14.7
Mansi Financ,9.61,3.76,7.23
Maral Overseas,199.24,3.02,15.76
Marathon Realty,305.9,6.36,10.46
Margo Finance,4.89,0.37,27.49
Marico,68514.65,8.56,61.98
Marksans Pharma,3550.8,2.4,35.94
Martin Burn Ltd,19.38,1.1,34.18
Maruti Suzuki,227765.34,140.02,53.85
MAS Financial S,4671.14,26.08,32.77
Mastek,5757.12,6.51,347.8
Master Trust,187.62,0.64,134.77
Mathew Easow,5.32,0.24,33.33
Matrimony.com,2212.37,17.91,53.83
Mawana Sugars,298.27,19.02,4.01
Max Financial,36627.91,2.88,368.52
Max India,375.7,1.61,43.39
Max Ventures an,1096.47,0.48,155.73
Maxheights,23.74,1.63,9.33
Maximus Interna,116.92,0.2,474.5
Maximus Interna,116.92,0.2,483.75
Mayukh Dealtrad,18.08,0.69,40.29
Mayur Uniquoter,2295.97,19.97,25.93
Mazagon Dock,4970.65,23.78,10.23
Mazda,247.77,45.49,13.6
MBL Infra,252.98,8.91,2.71
MCX India,7776.23,36.83,41.27
Medicamen Bio,623.17,10.22,49.96
Medico Intercon,13.65,3.74,11.23
Medinova Diag,40.63,2.17,17.97
Mefcom Capital,7.11,1.16,6.71
Mega Corp,15.7,0.02,78.5
Megasoft,57.99,0.31,42.26
Mehai Technolog,58.05,0.08,677.5
Mehta Integrate,3.96,0.87,9.1
Menon Bearings,400.69,3.35,21.34
Menon Pistons,141.27,1.75,15.83
Mercantile Vent,206.49,0.63,29.29
Mercury Labs,86.15,44.48,16.14
Metal Coatings,26.82,3.05,12
Metroglobal,88.81,5.67,12.28
Metropolis,14544.13,38.64,73.11
Mideast Steels,206.67,0.03,498.67
Mideast Steels,206.67,0.03,499.67
Milkfood,184.46,3.79,101.68
Minda Corp,3059.02,3.5,36.56
Minda Ind,17665.78,4.67,137.11
Mindteck,177.69,3.33,20.75
Mindtree,42796.69,67.4,38.59
Minolta Finance,1.21,0.23,5.26
Mirc Electronic,427.26,0.08,231.25
Mirza Intl,641.83,0.46,115.98
Mishka Exim,49.13,0.18,188.89
Mishra Dhatu Ni,3839.53,8.88,23.07
Mishtann Foods,292,0.01,588
Mitshi India,14.52,0.58,27.84
Mitsu Chem Plas,280.21,8.02,28.93
MK Exim,32.52,6.09,5.9
MM Forgings,1624.68,19.31,34.85
Modern Dairies,34.65,2.23,6.66
Modern Home,2.85,0.11,88.36
Modi Naturals,166.56,8.31,15.84
Modi Rubber,187.18,1.29,58.57
Modipon,28.83,1.35,18.63
Modison Metals,256.84,6.91,11.45
Mohit Ind,24.76,0.48,36.44
MOIL,4646.88,7.44,25.85
Mold-Tek Pack,1362.69,17.09,27.83
Monarch Net,381.75,6.57,18.71
Monte Carlo,699.19,31.98,10.43
Moongipa Capita,2.79,2.82,3.24
Morarka Finance,25.19,1.52,36.81
Morepen Lab,2842.9,2.1,29.88
Motherson Sumi,76453.59,1.65,146.73
Motilal Oswal,11502.23,48.55,16.15
MphasiS,39991.97,59.25,36.06
MPS,1096.01,33.53,17.65
MRF,33929.14,"2,945.10",27.18
MSP Steel,423.96,0.2,54.55
MSTC,2031.04,14.36,19.89
Mukand,1862.32,3.25,40.26
Mukta Arts,85.6,3.09,12.27
Multibase India,309.19,5.32,44.74
Munjal Auto Ind,669,2.1,31.76
Munjal Showa,596.53,6.54,22.81
Muthoot Cap,659.22,31.29,12.69
Muthoot Finance,59395.04,92.78,15.96
Nacl Industries,1485.57,2.54,29.82
Nagpur Power,51.01,2.33,16.72
Nahar Capital,306.79,17.72,10.34
Nahar Poly Film,428.94,20.92,8.23
Nahar Spinning,826.08,11.48,19.72
NALCO,14390.01,7.08,11.07
Nalin Leasing,21.9,3.85,8.68
Nalwa Sons,888.56,71.5,24.2
Narbada Gems,51.31,1.4,24.14
Narendra Invest,58.71,0.74,95.41
Narendra Prop,12.58,13.79,1.28
Narmada Gelatin,111.34,15.65,11.67
Natco Pharma,20549.47,16.97,66.59
Nath Bio-Genes,735.26,29.29,13.21
Nath Industries,215.84,8,14.62
National Fittin,56.77,1.81,34.53
National Perox,1279.22,55.93,39.8
National Plasti,38.34,2.6,16.12
National Tech,30.55,2.17,24.4
Natraj Proteins,18.23,1.05,46.33
Natural Capsule,93.49,11.15,13.34
Nava Bharat Ven,1562.16,10.76,9.94
Navin Fluorine,18905.34,60.44,62.05
Navkar Corp,617.13,1.06,38.73
Navneet,2106.75,2.99,30.7
NBCC (India),9702,0.96,56.15
NCC,5302.62,4.28,20.32
NCL Industries,950.11,32.87,6.39
NDA Securities,2.71,0.82,6.5
NDTV,468.38,5.89,12.22
Neelamalai Agro,177.38,112.02,25.46
Nelcast,631.19,1.04,69.71
NELCO,887.41,3.15,118.54
Neogen,1981.69,13.47,63.36
NESCO,4293.48,24.48,24.89
Nestle,170925.3,223.95,79.16
Netlink Sol,6.11,9.12,2.65
Nettlinx,66.37,0.67,86.42
Neuland Lab,2739.18,62.58,34.36
New India Assur,28073.68,9.74,17.41
New Light Appar,5.96,0.09,301.67
Newgen Software,4508.99,16.81,38.02
NFL,3230.46,5.09,12.94
NG Industries,16.87,0.99,53.54
NGL Fine Chem,1241.78,89.82,22.6
NHC Foods,10.17,1.11,7.73
NHPC,26317.99,3.22,8.15
NIBE,42.04,0.12,328.75
NIBE,42.04,0.12,329.17
Nihar Info,6.77,0.46,17.96
NIIT,3816.45,4.04,71.1
Nikhil Adhesive,323.9,19.69,35.8
Nila Infra,238.7,0.01,606
Nile,145.59,45.88,10.57
Nilkamal,3258.63,69.31,32.03
Nimbus Projects,35.71,10.37,3.18
Nippon,22756.89,10.5,35.05
Niraj Cement,176.68,0.52,84.62
Nirav Comm,17.37,234.87,1.89
Nirlon,2639.11,14.14,20.71
Nitin Spinners,829.81,12.25,11.95
Nitta Gelatin,182.58,19.01,10.59
NLC India,8507.02,5.62,10.85
NMDC,53937.8,21.34,8.62
NOCIL,3603.66,5.2,41.65
North Eastern,79.86,0.13,122.38
Novartis India,2130.82,8.46,101.88
NPR Finance,9.29,0.52,29.83
NR Agarwal,394.42,33.63,6.89
NRB Bearings,1359.82,4.51,31.11
NRB Industrial,53.19,1.74,12.61
NTC Industries,77.04,6.31,10.22
NTPC,112869.19,14.2,8.2
Nucleus Softwar,1876.76,38.58,16.4
Nyssa Corp,24.51,1.01,8.09
Oberoi Realty,22894.21,11.46,54.94
Objectone Info,5.79,0.98,5.62
Oceanic Foods,70.54,1.96,31.99
Odyssey Corp,7.6,0.42,4.6
Odyssey Tech,86.84,1.23,45.33
Oil India,17225.78,16.06,9.83
Olectra Greente,1831.22,1.49,149.73
OM Infra,273.98,3.51,8.02
ONGC,148069.89,9.13,12.89
OnMobile Global,1191.63,1.11,100.18
Ontic Finserve,39.15,0.04,108.75
Onward Tech,327.86,6.38,31.35
Oracle Fin Serv,31491.37,190.34,19.21
Orbit Exports,184.04,1.27,51.97
Oricon Ent,406.75,0.57,45.44
Orient Abrasive,384.64,0.95,33.63
Orient Bell,453.54,4.89,64.56
Orient Cement,2787.24,10.45,13.02
Orient Electric,6659.44,5.64,55.6
Orient Refract,5184.08,8.04,39.74
ORIENTAL AROMAT,2579.55,30.01,25.49
Oriental Carbon,1053.41,75.08,14.04
Oriental RI,278.41,1.99,26.56
Oriental Trimex,34.33,0.11,109.45
Ortin Labs,31.83,5.67,6.75
Osiajee,19.63,0.77,47.01
Oswal Agro,196.12,0.4,36.53
Oswal Greentech,760.16,1.95,15.18
Oswal Yarns,2.59,0.13,49.23
Otco Intl,5.55,0.32,13.38
Ozone World,6.27,1.23,13.78
P and G,43334.6,207.03,64.48
Pacific Ind,91.05,16.04,16.47
Padmalaya Tele,4.45,0.32,8.13
PAE,10.18,0.73,13.38
Page Industries,32872.03,305.35,96.58
Paisalo Digital,2558.04,14.4,42
Palash Securiti,87.93,2.88,30.52
Panama Petro,1434.91,20.4,11.61
Panasonic Energ,206.55,13.77,20
PanasonicCarbon,252.94,35.65,14.75
Panchmahal Stee,178.19,5.14,18.17
Panchsheel Org,50.18,10.65,9.55
Pankaj Piyush,3.78,6.68,14.13
Panth Infinity,12.08,0.56,17.5
Parag Milk Food,1302.36,1.82,75.03
Paragon Finance,8.29,1.28,15.23
Paramount Comm,314.38,0.16,101.19
Parsharti Ind,1.51,0.16,28.06
Pasari Spinning,3.86,0.16,19.13
Pasupati Acrylo,233.97,4.83,5.28
Patels Airtemp,90.76,22.42,7.98
Patidar Build,1.47,0.31,8.61
Paul Merchants,189.15,123.29,14.92
Paushak Ltd,2308.5,120.99,61.58
Pazel Internati,10.92,0.03,20.67
PBA Infra,25.08,1.03,18.04
PC Jeweller,1244.96,1.31,20.42
PDS Multi,2596.86,17.17,58.07
Pearl Global In,467.94,0.36,588.75
Pee Cee Cosma,42.05,18.01,8.82
Pennar Inds,378.15,0.06,443.33
Perfect Pack,17.06,5.79,22.12
Permanent Magne,285.55,18.77,17.69
Persistent,22774.65,66.09,45.09
Petronet LNG,34102.5,19.66,11.49
Pfizer,26019.02,108.77,52.07
PG Electroplast,830.69,5.9,71.49
PG Foils,119.05,13.34,11
Pharmaids Pharm,17.37,0.09,187.22
Pharmasia,25.16,0.46,80.11
Phillips Carbon,3932.75,18.12,12.59
Phoenix Intl,34.42,2.06,9.95
Phoenix Mills,13996.24,17,47.9
PI Industries,44133.28,47.38,61.4
Piccadilly Agro,190,1.84,10.95
Pidilite Ind,109448.62,21.28,101.21
Pil Italica,189.65,0.16,50.31
Pilani Invest,2162.36,92.97,21.01
Pioneer,145.59,7.4,7.32
Pioneer Invest,49.43,0.67,60
Pitti Engineeri,445.18,8.98,15.47
Pix Transmis,862,44.87,14.1
Plastiblends,688.58,14.37,18.58
PMC Fincorp,132.36,0.07,37.14
PNB,46576.6,1.84,22.99
PNB Gilts,1335.68,25.23,2.94
PNB Housing Fin,11541.15,54.91,12.47
PNC Infratech,7401.15,14.11,20.45
Poddar Housing,112.04,4.47,39.71
Poddar Pigments,276.92,22.3,11.7
Polson,182.4,612.58,24.18
Poly Medicure,9798.99,13.51,75.65
Polycab,29381.98,55.74,35.34
Polychem,23.7,7.24,81.02
Polylink Polyme,40.24,0.35,52
Polymechplast,27.61,4.64,12.45
Polyplex Corp,4424.92,144.43,9.59
Polyspin Export,75.5,7.5,10
Polytex India,3.47,0.16,16.06
Pondy Oxides,160.77,18.54,14.92
Ponni Sugars(E),309.2,29.84,11.6
Pooja Entertain,59.03,48.97,2.41
Poona Dal,26.11,1.6,27.56
Power Finance,33991.05,31.98,4.03
Power Grid Corp,121529.83,22.81,10.18
PPAP Automotive,315.42,3.45,65.3
PPL,441.77,14.97,12.25
Pradeep Metals,96.28,3.59,15.53
Praj Industries,6789.11,3.88,95.31
Prakash Ind,1357.44,5.32,14.2
Prakash Steelag,25.73,2.9,0.51
Prakash Woollen,26.06,3.68,6.98
Prataap Snacks,1573.11,8.89,75.45
Praveg,138.72,5.84,12.84
Precision Camsh,716.67,6.5,11.61
Precision Elec,51.17,0.41,90.12
Precision Wires,529.04,17,13.46
Preeti Sec,3.74,3.41,2.92
Premco Global,161.77,10.88,46.69
Premier Polyfil,134.7,2.73,23.33
Premier Synth,6.99,0.45,33.8
Prestige Estate,11645.03,5.31,54.71
Pricol,1179.81,1.2,80.67
Prima Agro,14.75,5.57,5.1
Prima Ind,25.15,2.38,9.66
Prima Plastics,142.68,3.94,32.55
Prime Focus,1825.42,8.47,7.2
Prince Pipes,7897.65,20.16,35.71
Prism Johnson,6563.77,4.55,28.66
Prismx Global,180.84,0.47,135.74
Pritika Auto,175.57,0.62,31.94
Privi Special,4353.54,24.32,45.61
Procter&Gamble,9584.48,115.53,48.42
Provestment,2.81,1.27,4.34
PSP Projects,1506.24,22.44,18.65
PTC India,3077.01,13.86,7.5
PTC India Fin,1303.84,0.4,50.75
PTC Industries,1110.68,11.26,188.28
PTL Enterprises,374.63,10.58,5.35
Pudumjee Ind,24.26,0.35,37.14
Pudumjee Paper,366.03,3.16,12.67
Punj Alkalies,367.14,1.87,44.65
Punjab Chemical,1567.05,41.22,30.6
PVV Infra,3.26,0.71,7.89
Quick Heal Tech,1735.86,16.63,16.26
Quint Digital,684.87,1.12,276.79
R Systems Intl,1852.57,6.82,22.6
R&B Denims,104.96,5.95,12.52
Raasi Refract,4.34,3.07,3
RACL Geartech,378.43,21.69,16.18
Radico Khaitan,10149.79,20.25,37.52
Radix Ind,54.55,0.94,38.67
Raghav Producti,456.8,8.45,50.24
Raghunath Inves,5.36,2.1,5.1
Raghuvir Synth,78.24,15.21,13.27
Rail Vikas,7016.09,3.81,8.83
Railtel,4586.21,4.37,32.36
Rain Industries,6552.01,0.86,226.51
Rainbow Foundat,9.54,2.67,6.48
Raj Oil Mills,34.29,10.87,8.21
Raja Bahadur,149.91,711.29,8.43
Rajesh Exports,16654.14,4.68,120.52
Rajeswari Infra,4.55,1.08,7.62
Rajkumar Forge,64.38,3.27,18
Rajoo Engineers,186.44,1.69,17.93
Rajratan Global,1583.5,36.41,42.83
Rallis India,6311.49,11.76,27.64
Ram Informatics,29.51,2.72,16.18
Ram Ratna Wires,291.5,3.07,43.06
Rama Petrochem,4.92,4.25,1.11
Rama Phosphates,468.07,23.8,11.12
Rama Steel Tube,220,2.36,55.51
Ramco Cements,24208.21,32.26,31.81
Ramco System,1898.21,14.4,42.24
Ramcoind,2350.3,12.78,21.22
RamkrishnaForge,2120.74,8.74,75.86
Ramky Infra,1198.16,7.8,22.2
Rana Sugars,464.08,10.27,2.94
Rander Corp,7.41,0.05,120.2
Rane Brake,712.92,40.98,22.42
Rane Holdings,917.06,0.95,676.11
Rap Media,10.64,0.39,46.38
Rashtriya Chem,4609.35,6.76,12.36
Rasi Electrodes,19.67,0.28,22.57
Rathi Bars,46.13,1.95,14.49
Ratnamani Metal,9570.83,59.04,34.69
Rattan Power,4457.19,0.18,45.72
RBL Bank,12590.72,8.49,24.78
RDB Rasayans,147.03,10.73,7.73
Real Touch Fin,8.12,0.88,7.27
REC,29337.41,42.34,3.51
Redington,10332.35,6.75,39.62
REGENCY FINCORP,5.41,1.14,11.57
Rel Ind Infra,1157.64,5.1,150.32
Relaxo Footwear,28626.74,11.74,98.15
Reliance,1360496.13,50.49,41.81
Reliance Chemo,95.54,9.19,13.76
Reliance Power,4476.98,0.2,74.65
Religare Enterp,3292.95,2.47,51.38
Remedium Lifeca,36.99,1.34,76.42
Remsons Ind,146.03,4.42,57.83
Renaissance,1091.14,10.18,56.77
Repco Home,2339.79,45.97,8.14
Resonance,172.12,8.99,16.59
Responsive Ind,3896.93,0.24,595.83
Retro Green Rev,14.01,0.37,77.7
Revathi CP,207.63,38.04,17.8
Rexnord Electro,59.2,1.64,32.35
Riba Textiles,55.41,6.17,9.25
Riddhi Siddhi,226.01,21.26,14.91
Rishiroop,91.68,30.92,3.06
RITES,6692.41,17.66,15.61
Ritesh Intl,31.69,2.38,15.57
Ritesh Prop,103.33,6.98,12.77
Rossari,6774.83,14.4,82.74
Rossell India,576.87,10.08,15.14
Roto Pumps,297.72,12.56,15.34
Route,9926.74,3.87,444.73
RPG Life,750.46,24.18,18.59
RPP Infra Proj,158.34,6.57,10.19
RPSG VENTURES,1472.71,48.02,11.74
RSWM,629.63,9.18,29.3
RTCL,9.73,0.9,9.01
RTS Power Corp,51.66,10.52,5.36
Rubfila Intl,513.1,4.23,22.35
Ruby Mills,402.95,9.03,26.04
Ruchi Soya,35554.17,10.99,105.6
Ruchinfra,185.74,0.13,67.69
Ruchira Papers,218.51,2.06,44.51
Rungta Irrig,20.77,1.36,17.24
Rupa and Comp,3831.49,22.75,20.81
Rushil Decor,551.86,6.89,40.23
Ruttonsha Intl,35.83,0.52,99.04
S Chand and Co,410.26,0.64,181.8
S H Kelkar,2433.54,5.59,30.81
S P Apparels,572.05,15.06,14.65
Saboo Brothers,4.51,0.28,26.43
Sacheta Metals,33.95,1.12,15.85
Sadbhav Engg,1601.61,0.12,777.92
Sadbhav Infra,1354.31,11.44,3.36
Sadhana Nitro,903.34,0.73,88.56
Sagar Cement,2573.6,68.92,15.89
Sagar Product,11.8,0.09,32.67
Sagarsoft,143.92,9.62,26.91
Sahara Housing,35.7,3.08,16.56
Sahyadri Ind,500.02,64.52,8.11
SAIL,53944.66,9.32,14.01
Saint-Gobain,613.6,1.25,54.08
Saksoft,618.91,17.93,31.79
Sakthi Finance,153.35,1.5,15.8
Sal Automotive,45.08,3.5,53.71
Salasar Techno,1001.4,20.54,34.13
Salguti Ind,13.57,0.32,57.13
Salona Cotspin,73.15,7.69,18.17
Salzer Electro,259.08,12.93,12.54
Sam Ind,19.78,2.63,6.78
Sambandam Spin,80.94,18.92,9.92
Samkrg Pistons,207.41,17.64,11.97
Sampre Nutritio,8.1,0.37,45.41
Samrat Pharma,72.38,13.49,17.27
Sanathnagar Ent,8.85,0.57,49.3
Sanco Trans,46.79,9.88,26.1
Sandhar Technol,1480.69,10.84,22.69
Sandu Pharma,38.66,1.26,44.84
Sandur Manganes,1737.37,143.02,13.49
Sangam India,456.79,1.24,84.88
Sangam Renewabl,263.31,1.12,112.95
Sanghi Ind,1349.13,3.11,17.28
Sanjivani Paren,14.01,1.67,9.87
Sanofi India,17555.32,233.65,32.91
SAR Auto Prod,129.08,1.12,241.88
Saraswati Comm,280.9,138.88,19.64
Sarda Energy,2267.5,82.27,7.57
Saregama India,5496.41,60.71,51.8
Sarla Performan,306.04,1.56,23.62
Sasken Tech,1839.37,61.53,19.81
Sat Ind,268.58,0.08,298.75
Satia Ind,939.5,4.95,19.44
Satra Prop,28.72,0.97,1.66
Saumya Consult,32.46,12.31,3.82
Saurashtra Cem,640.93,10.37,8.85
Saven Tech,31.55,1.89,15.34
Savita Oil Tech,1969.36,108.56,13.13
Sayaji Industri,152.31,26.24,9.18
SBI,374164.34,22.87,18.33
SBI Life Insura,100714.65,14.56,69.16
SC Agrotech,2.4,0.07,57.14
Scan Steels,237.42,5.87,7.73
Scandent Imag,64.52,0.99,20.3
Scanpoint Geo,90.93,0.34,55.29
Schaeffler Ind,17665.13,112.65,50.08
SEL,255.9,0.28,38.07
Selan Explore,244.11,4.11,38.24
Sequent Scienti,7790.16,1.41,221.74
Seshasayee Pape,1195.14,15.9,12.47
Shaily Engg,1326.79,26.47,60.82
Shakti Pumps,1431.81,33.28,23.41
Shalby,1944.18,3.97,45.5
Shalibhadra Fin,32.45,7.93,8.18
Shangar Decor,11.63,0.01,950
Shankara Buildi,1029.82,4.15,109.13
Shantanu Sheo,5.23,0.24,6.25
Shanthi Gears,1112,2.63,55.11
Sharda Crop,3125.24,23.25,14.84
Sharda Ispat,37.37,6.8,10.82
Sharda Motor,1580.83,26.43,20.12
Shardul Sec,122.4,0.98,71.38
SHAREINDIA,1484.93,21.1,22.06
Sheela Foam,10808.81,37.13,59.64
Shelter Infra,4.14,0.03,386.33
Shilchar Techno,75.52,14.48,13.68
Shilp Gravures,63.47,17.03,6.06
Shilpa,4443.22,22.62,23.84
Shiva Global,58.16,4.01,14.51
Shiva Mills Lim,75.05,9.9,8.84
Shiva Texyarn,230.74,9.47,19.2
Shivalik Bimeta,468.32,4.78,25.51
Shivalik Rasa,1095.31,9.26,85.31
Shree Ajit Pulp,179.4,41.33,8.1
Shree Cements,99943.31,640.77,43.23
Shree Digvijay,1162.89,3.78,21.56
Shree Ganesh Re,398.36,9.74,40.28
Shree Global,796.35,0.01,624
Shree Hari Chem,33.35,1.85,40.54
Shree Metalloys,15.32,0.75,38.87
Shree Precoated,2.32,0.19,29.53
Shree Pushkar,569.65,7.51,24.6
Shree Renuka,8375.61,0.26,151.35
Shree Steel Wir,7.33,2.75,7.96
ShreeGanesh Bio,233,0.16,730.63
Shreyans Ind,144.26,6.35,16.72
Shreyas Shippin,404.68,17.07,10.8
Shri Dinesh Mil,303.55,15.73,34.01
Shri Jagdamba,708.43,46.71,17.19
Shri Krishna,44.63,1.28,12.46
Shri Rama Multi,79.97,0.54,23.33
Shriram City,11385.87,153.16,11.26
Shriram Trans,35835.11,93.14,14.41
Shubhra Leasing,24.75,6.93,11.16
Shyam Century,221.06,0.13,76.54
Shyamkamal Inve,12.93,0.03,520
Sicagen India,86.27,1.48,15.07
Siddha Venture,1.55,2.52,0.62
Siemens,71968.34,26.43,76.46
Signet Ind,153.51,2.87,18.12
Sika Interplant,185.93,21.22,20.66
SIL Invest,297.85,16.32,17.22
Simplex Casting,17.5,1.65,17.3
Simplex Realty,24.2,1.56,51.86
Sinclairs Hotel,204.14,1.26,58.65
Sindhu Trade,513.21,17.39,5.74
Singer India,369.03,1.98,34.7
SIS,6304.88,3.89,110.46
SIT,5.75,0.06,27.67
Sita Enterprise,3.1,1.01,10.24
Siyaram Silk,1462.58,1.14,267.63
SJVN,10964.13,4.16,6.69
SKF India,13221.69,60.23,44.4
Skipper,921.47,2.05,43.78
SKP Securities,23.44,10.4,6.62
Sky Industries,44.65,1.38,57.86
Skyline Millars,50.28,0.59,21.19
SMC Global Secu,872.27,6.2,12.44
SMIFS LIMITED,21.22,1.99,19.1
Smiths & Found,8.98,0.07,12.57
SMS Lifescience,232.79,43.56,17.59
SMS Pharma,1473.37,7.2,24.11
SNL Bearings,102.39,17.14,16.54
Sobha,4489.53,6.91,68.5
Softsol India,153.08,6.17,14.62
Solar Ind,14402.4,20.89,76.19
SOLARA ACTIVE P,6048.24,61.5,27.33
Solitaire Mach,18.78,3.12,13.25
Som Datt Fin,34.88,2.15,16.21
Somany Ceramics,2576.67,13.19,46.1
Somi Conveyor,74.39,2.55,24.76
Sonal Mercant,26.53,2.34,7.69
Sonata,7834.37,17.02,43.77
Soril Infra Res,448.56,2.4,59.33
Source Natural,99.74,5.24,28.97
South (I) Paper,157.5,11.41,9.11
South Asian Ent,6.42,1.45,11.08
South Ind Bk,2760.33,0.3,43.97
South Latex,8.03,0.26,42.31
Southern Infosy,10.78,0.36,59.17
SP Capital Fin,12.02,0.28,71.43
Spectrum Foods,7.66,0.99,15.96
SPIC,999.87,1.86,26.4
SPL Industries,126.44,4.67,9.21
Sportking India,600.58,254.47,7.08
Sree Rayalaseem,621.71,34,10.65
Sreeleathers,485.1,5.21,40.14
SRF,43099.11,156.14,46.59
SRG Housing Fin,231.47,13.65,13.04
Sri KPR Ind,34.25,2.53,6.56
Sri Nachammai,11.55,1.24,21.65
Srikalahasthi,1032.27,22.2,9.96
Standard Batter,13.24,1.52,16.84
Star Cement,4538.78,3.81,28.88
Star Delta Tran,23.94,5.89,13.55
Star Housing,143.65,0.99,92.58
Star Paper,224.76,11.22,13.08
Starteck Financ,87.16,33.98,2.59
Steel Exchange,613.49,15.89,4.38
Steel Str Wheel,1324.62,31.55,26.9
Steelcast,362.5,5.94,30.15
STEL Holdings,213.44,4.69,24.66
Sterling & Wils,4325.71,10.58,25.67
Sterling Tools,656,6.78,26.86
Sterlite Techno,10459.29,6.59,40.01
STL Global,37.2,8.18,1.75
Stove Kraft,2394.17,24.91,29.49
Stovec Ind,554.38,93.72,27.74
Strides Pharma,6832.84,9.63,78.86
Stylam Ind,1482.96,32.63,26.87
Subros,2017.74,5.71,54.17
Suchitra Fin,51.13,11.43,4.8
Sudarshan Chem,4702.95,19.68,34.52
Sugal & Damani,5.96,2.09,4.56
Sukhjit Starch,404.19,15.32,17.88
Sulabh Engineer,34.26,0.05,68.2
Sumedha Fiscal,23.04,2.02,14.28
Summit Sec,732.49,7.95,84.3
Sun Pharma,162075.08,8.92,75.73
Sun TV Network,21083.53,38.58,13.74
Suncare Traders,12.12,0.03,24
Sundaram Brake,169.56,15.25,28.26
Sundaram Fin,29713.06,72.82,36.73
Sundaram-Clayto,6970.56,37.49,91.9
Sundram,16791.36,15.62,51.86
Sunflag Iron,1494.92,7.41,11.15
Sungold Capital,3.39,0.02,92
Sunil Agro Food,14.8,2.55,19.33
Sunil Health,34.05,0.27,116.85
Sunil Ind,9.66,1.26,17.78
Sunshield Chem,224.12,15.97,19.09
Sunteck Realty,4308.39,3.1,94.94
Super Sales,176.6,28.66,19.71
Super Tannery,72.99,0.43,15.91
Superhouse,170.01,17.81,8.66
Superior Finlea,58.52,3.14,62.1
Supertex Ind,9.19,0.31,25.81
Suprajit Eng,3896.57,9.97,28.24
Supreme Ind,27493.06,63.09,34.32
Supreme Petro,7013.94,50.79,14.57
Suraj,123,0.71,85.92
Suraj Products,63.84,8.04,6.7
Surana Solar,62.39,0.04,317
Surana Telecom,91.23,0.26,25.85
Surat Textile,204.52,0.65,14.17
Surya Roshni,2944.34,28.76,18.82
Suryaamba Spin,29.61,14.49,6.9
Suryalata Spg,104.5,22.03,11.12
Suryavanshi Spg,7.15,0.73,19.96
Sutlej Textiles,923.99,0.58,93.1
Suven Pharma,12235.66,12.12,39.69
Suyog Tele,425.32,24.03,17.43
Svaraj Trading,6.06,0.44,9.34
Swaraj Engines,2374.65,76.22,25.66
Swarnasarita,34.36,2.88,5.72
Swasti Vinayaka,18.2,0.24,18.58
Swasti Vinayaka,18.2,0.09,91.33
Swastika Invest,43.6,28.93,5.09
Swelect Energy,346.15,16.04,14.24
Symbiox Invest,4.07,0.03,43.33
Symphony,7195.78,16.01,64.25
Syncom Formula,664.35,0.33,25.48
Syngene Intl,23370.44,10.07,57.9
Synthiko Foils,4.91,2.2,12.82
Systematix Corp,324.51,3.11,80.39
TAAL Enterprise,193.21,30.95,20.03
TAEL,850.94,54.58,15.86
Tai Industries,9.69,1.65,9.79
Tainwala Chem,72.48,3.09,24.64
Take Solutions,940.86,0.53,119.06
Talbros Auto,343.95,27.22,10.24
Talbros Eng,119.3,20.99,11.2
Tamboli Capital,57.54,0.93,62.37
Tamilnadu Petro,1052.67,6.77,17.28
TandI Global,66.51,23.08,5.69
Taneja Aerospac,97.35,2.5,15.62
Tanfac Ind,240.25,17.52,13.75
Tanla Platforms,11017.59,11.66,68.61
Tantia Const,20.69,71.17,0.1
Tarmat,80.85,6.33,9.58
Tasty Bite,4362.2,153.31,110.89
Tata Chemicals,18449.45,18.81,38.5
Tata Coffee,3515.95,5.4,34.72
Tata Comm,36927.45,33.78,38.23
TATA Cons. Prod,69466.57,6.72,112.17
Tata Elxsi,26498.63,59.11,72.69
Tata Inv Corp,5734.22,21.51,52.69
Tata Metaliks,3514.26,69.61,16
Tata Power,39254.75,2.88,42.4
Tata Steel,131444.45,120.79,9.66
Tata Steel BSL,9791.75,22.37,4.01
Tata Steel Long,4243.91,126.82,7.44
Tatia Skylines,6.61,0.2,27.55
Tayo Rolls,58.74,3.7,15.47
TCFC Finance,36.69,4.22,8.29
TCI Express,5534.57,26.17,55.02
TCM,27.53,3.89,20.82
TCPL Packaging,497.54,37.08,14.75
TCS,1237425.16,83.7,39.97
TD Power System,570.39,5.47,33.66
TeamLease Ser.,6171.93,49.17,73.42
Tech Mahindra,106113.95,43.75,25.03
Technocraft Ind,1276.9,40.59,12.82
Tejas Networks,1647.15,3.98,45.24
Tejnaksh,68.05,1.31,51.53
Tera Software,69.57,0.67,82.99
Terai Tea Co,34.05,8.33,6.32
Texmaco Infra,845.48,0.74,89.66
Texmaco Rail,942.54,0.47,79.15
Texmo Pipes,153.71,3.85,13.45
TGV Sraac,322.88,2.7,11.17
Thacker,24.79,10.86,20.27
Thakkars Dev,56.43,15.3,4.1
Thangamayil,1112.66,63.11,12.85
The Hi-Tech Gea,514.52,10.84,25.24
Themis Medicare,645.97,19.73,35.23
Thermax,17736.42,11.83,125.82
Thirumalai Chem,1455.96,11.49,12.38
Thyrocare Techn,6925.49,22.65,57.99
Tide Water Oil,4330.21,337.04,36.87
Tilak Ventures,39.57,0.03,102.67
Time Techno,2070.37,2.27,40.07
Times Guaranty,47.35,7.29,7.22
Timken,11185.03,19.04,78.1
Tinplate,2278.61,9.38,23.27
Tips Industries,1873.97,33.52,43.11
Tirupati Sarjan,19.14,1.16,5
Tirupati Starch,41.62,1.47,40.44
Titagarh Wagons,848.25,4.21,16.6
Titan Biotech,292.41,33.06,10.7
Titan Company,154297.23,9.88,175.91
Titan Secu,44.75,0.38,47.08
Torrent Pharma,49150.74,67.25,43.19
Torrent Power,22079.54,27.62,16.59
Tourism Finance,602.55,10,7.47
TPL Plastech,195.71,10.27,24.01
Trans Freight,9.18,13.48,0.92
Transchem,31.52,19.73,1.31
Transformers,416.25,0.52,60.38
Transpek,933.85,41.71,40.08
Transport Corp,3215.45,17.48,23.74
Trejhara,66.41,3.14,17.68
Tribhovandas,522.5,6.46,12.12
Trident,8433.81,0.68,24.04
Trident Texofab,37.26,0.07,528.57
Trigyn Tech,394.52,0.98,130.77
Triton Valves,163.15,89.22,17.75
Triveni Engg,4814.55,14.53,13.28
Triveni Turbine,4005.75,3.32,37.32
TTI Enterprise,6,0.06,39.33
TTK Healthcare,963.05,32.87,20.67
TTK Prestige,12877.24,169.64,54.76
Tube Investment,22367.22,14.17,81.86
TV TodayNetwork,1813.93,21.98,13.56
TV18 Broadcast,7457.47,0.53,80.94
TVS Motor,29467.28,12.88,48.16
TVS Srichakra,1581.18,95.02,21.73
Tyche Ind,216.28,21.72,9.85
Tyroon Tea,28.71,19.56,4.29
U. Y. Fincorp,85.61,0.43,10.42
UCO Bank,18161.1,0.14,108.5
Udaipur Cement,923.33,1.77,16.75
Uday Jewellery,244.55,3.66,30.34
Uflex,4018.93,27.74,20.53
Ugar Sugar Work,404.44,1.52,23.65
Ugro Capital,883.37,6.74,18.58
Ujjivan Financi,2503.79,0.24,857.5
Ujjivan Small,5323.21,0.05,616
Ultracab India,204.46,1.61,99.81
Ultramarine,980.54,19.09,17.59
UltraTechCement,197726.85,185.07,37.01
Umang Dairies,172.84,1.86,42.23
Uni Abex,110.02,54.24,10.27
Unichem Labs,2253.34,7.68,41.41
Union Bank,26347.95,4.25,9.07
Uniphos Ent,922.87,3.52,38.03
United Brewerie,37889.26,4.27,335.6
United Credit,7.95,1.69,8.83
United Spirits,47987.22,4.27,154.66
United Van Hors,14.66,0.75,40.8
Universal Cable,693.04,4.67,42.77
Universal Starc,41.16,26.87,3.65
Unjha Formula,5.13,0.23,49.78
UPL,61116,2.88,277.74
Upsurge Invest,52.05,5.99,5.73
Urja Global,436.3,0.04,194.25
Usha Martin,1741.6,3.3,17.2
Usha Martin Edu,11.86,0.01,449
Ushakiran Fin,1.54,0.29,20.86
UTI AMC,10826.36,27.74,30.78
Utique,19.76,0.47,7.55
UTL Industries,34.57,0.1,104.9
Uttam Sugar,1107.53,15.67,17.68
Vadilal Enter,134.9,1.63,959.39
Vaibhav Global,13072.95,2.87,279.09
Vakrangee,4428.32,0.48,87.08
Valiant Comm,50.13,0.99,69.7
Valiant Organic,4317.4,42.2,37.09
Vani Commercial,1.1,0.13,20.62
Vapi Paper,4.57,1.36,14.71
Vardhman Hold,792.75,47.22,52.6
Vardhman Poly,45.03,47.56,0.42
Vardhman Steels,939.96,10.91,21.37
Vardhman Text,7953.14,60.8,22.49
Variman Global,66.55,0.13,305.77
Varroc Engineer,5607.26,4.05,90.62
Varun Beverages,31576.77,6.35,114.83
Vasundhara Ras,37.93,10.67,11.36
Vaswani Ind,39.72,1.35,9.9
VB Desai Fin,3.8,0.46,18.26
Vedanta,97669.34,28.26,9.3
VEDAVAAG System,90.55,2.13,18.54
Veer Energy,15.4,0.98,13.45
Veljan Denison,216,32.86,29.69
Venkys,5070.03,190.06,18.94
Venus Remedies,545.11,40.6,10.04
Veritas,332.98,2.71,45.83
Vertex Sec,11.18,0.05,30.2
Vesuvius India,2258.04,24.9,44.38
Veto Switch,246.01,7.53,17.09
V-Guard Ind,11425.81,4.63,57.37
Vibrant Global,130.57,7.69,7.41
Victoria Mills,26.02,258.18,9.97
Vidhi Spec,1085.3,7.35,29.56
Vijay Solvex,608.24,136.24,15.1
Viji Finance,12.21,0.02,74
Vikram Thermo,108.81,19.24,8.92
Vimta Labs,592.6,9.62,27.86
Vinati Organics,19383.67,26.2,69.76
Vindhya Telelin,1631.39,73.23,17.95
Vinyl Chemicals,274.78,6.19,24.01
Vinyoflex,12.31,3.81,7.72
Vippy Spinpro,37.66,6.76,9.2
Vipul Organics,162.39,7.18,23.68
Virat Crane,59.54,2.97,9.81
Virat Ind,18.41,1.61,23.63
Virinchi,244.93,1.67,37.01
Virtual Global,45.76,0.01,108
Visaka Ind,1128.95,67.13,10.2
Vishal Fabrics,457.8,2.75,24.49
Vishnu Chemical,677.46,19.05,29.77
Vishwaraj Sugar,550.01,2.13,72.28
Vivanza Bio,50.72,1.65,76.82
Vivid Global,24.65,1.63,16.56
Vivo Biotech,115.91,3.51,23.25
VLS Finance,754.1,49.09,3.97
VMS Industries,19.77,0.48,28.71
Voith Paper Fab,529.3,61.63,19.16
Voltamp Trans,1391.1,110.92,12.4
Voltas,33828,16.9,60.49
VRL Logistics,2497.91,5.1,55.39
VST,5560.17,201.26,17.89
VST Tillers,1743.46,105.06,19.21
VTM,114.65,2.43,11.48
WABCO India,13091.62,54.73,126.11
Wallfort Fin,46.55,6.65,7.23
WARDWIZARD INNO,1548.09,0.09,783.89
Waterbase,508.1,1.43,85.77
Websol Energy,201.19,21.78,2.97
Weizmann,98.71,2.62,21.15
Welcure Drugs,3.92,0.04,72.5
Welspun Corp,3731.58,33.8,4.23
Welspun Enter,1650.16,7.22,15.35
Welspun India,9750.86,5.24,18.41
Welspun Invest,192.96,2.17,243.32
Welspun Special,846.55,1.76,9.04
Wendt,875,64.55,67.78
West Coast Pap,1625.46,0.31,850.48
WH Brady,41.31,8.16,20.06
Wheels,1377.7,2.8,204.46
Whirlpool,28368.54,26.27,85.12
Williamson Mago,23.17,19.4,1.09
Wim Plast,716.6,26.91,22.21
Wipro,298973.85,18.36,29.72
Wockhardt,5815.46,53.56,9.67
WPIL,962.45,61.08,16.13
Xchanging Sol,917.97,1.63,50.64
Xpro India,202.07,6.7,24.93
Xtglobal,418.69,0.26,132.31
Yash Chemex,45.07,0.45,95.44
Yash Manage,18.51,0.83,13.12
YASH PAKKA LTD,310.11,4.62,18.78
Yasho Industrie,465.4,19.7,21.8
Yashraj Contain,4.32,0.07,36.29
Yuken India,614.1,6.26,81.75
Yuranus Infra,2.3,0.27,24.33
Zeal Aqua,123.54,1.67,58.68
Zee Entertain,20689.51,11.9,18.03
Zee Learn,516.86,0.9,17.61
Zee Media,571.54,1.26,9.63
Zen Tech,730.3,0.52,176.63
Zenith Fibres,22.46,1.74,31.75
Zenith Health,50.84,0.16,59.13
Zenlabs Ethica,23.31,1.28,27.97
Zensar Tech,7043.39,12.83,24.27
ZF Steering Gea,435.56,9.75,49.24
ZIM Laboratorie,266.53,3.46,47.43
Zodiac JRD-MKJ,17.47,0.81,41.67
Zodiac Ventures,72.34,0.02,953
Zodiac Ventures,72.34,0.02,970
Zuari Global,385.67,16.96,7.72
